-- ===================================================
-- СПРАВОЧНЫЕ ТАБЛИЦЫ
-- ===================================================

INSERT INTO user_roles (name) VALUES
('admin'),
('customer');

INSERT INTO order_statuses (name, description) VALUES
('Новый', 'Заказ только что создан и ожидает обработки'),
('Завершён', 'Заказ успешно выполнен и доставлен клиенту');

INSERT INTO payment_methods (name, is_active) VALUES
('Наличные при получении', 1),
('Оплата картой онлайн', 1);


-- ===================================================
-- КАТЕГОРИИ
-- ===================================================

INSERT INTO product_categories (name, is_expiration_date, is_deleted) VALUES
('Розы', 1, 0),
('Тюльпаны', 1, 0),
('Хризантемы', 1, 0),
('Пионы', 1, 0),
('Лилии', 1, 0),
('Орхидеи', 1, 0),
('Обёртки и упаковка', 0, 0),
('Ленты декоративные', 0, 0),
('Вазы и кашпо', 0, 0),
('Декор для букетов', 0, 0),
('Открытки и конверты', 0, 0),
('Средства по уходу за цветами', 0, 0);


-- ===================================================
-- ПОЛЬЗОВАТЕЛИ
-- ===================================================

INSERT INTO users (email, password_hash, first_name, last_name, surname, phone_number, role_id, created_at, is_deleted) VALUES
('admin@flowers.ru', 'pass123', 'Анна', 'Смирнова', 'Викторовна', '+79161234567', 1, '2024-01-15 10:30:00', 0),
('maria.ivanova@mail.ru', 'pass123', 'Мария', 'Иванова', 'Сергеевна', '+79161234568', 2, '2024-02-20 14:22:15', 0),
('dmitriy.petrov@gmail.com', 'pass123', 'Дмитрий', 'Петров', 'Александрович', '+79161234569', 2, '2024-03-10 09:15:30', 0),
('elena.kozlova@yandex.ru', 'pass123', 'Елена', 'Козлова', 'Дмитриевна', '+79161234570', 2, '2024-04-05 16:45:20', 0),
('alexey.sokolov@inbox.ru', 'pass123', 'Алексей', 'Соколов', 'Иванович', '+79161234571', 2, '2024-05-12 11:20:10', 0),
('olga.novikova@mail.ru', 'pass123', 'Ольга', 'Новикова', 'Петровна', '+79161234572', 2, '2024-06-18 13:30:45', 0),
('ivan.morozov@gmail.com', 'pass123', 'Иван', 'Морозов', 'Васильевич', '+79161234573', 2, '2024-07-22 10:05:30', 0),
('tatyana.volkov@yandex.ru', 'pass123', 'Татьяна', 'Волкова', 'Андреевна', '+79161234574', 2, '2024-08-14 15:50:20', 0),
('sergey.lebedev@inbox.ru', 'pass123', 'Сергей', 'Лебедев', 'Николаевич', '+79161234575', 2, '2024-09-09 12:40:15', 0),
('natalia.egorova@mail.ru', 'pass123', 'Наталья', 'Егорова', 'Владимировна', '+79161234576', 2, '2024-10-25 14:15:50', 0),
('andrey.pavlov@gmail.com', 'pass123', 'Андрей', 'Павлов', 'Сергеевич', '+79161234577', 2, '2024-11-30 09:25:35', 0),
('victoria.kuznetsova@yandex.ru', 'pass123', 'Виктория', 'Кузнецова', 'Игоревна', '+79161234578', 2, '2024-12-10 16:10:20', 0);


-- ===================================================
-- ТОВАРЫ
-- ===================================================

INSERT INTO products (category_id, name, expiration_date, description, image_path, created_at, is_deleted) VALUES
(1, 'Роза "Ред Наоми" красная', 10, 'Роскошная роза сорта Red Naomi с крупным бутоном до 20 см. Насыщенный красный цвет и долгий срок свежести.', '/images/products/rose-red-naomi.jpg', '2024-01-10 12:00:00', 0),
(1, 'Роза "Пинк Флойд" розовая', 10, 'Элегантная роза сорта Pink Floyd с крупным бутоном и нежным розовым оттенком. Идеальна для романтичных букетов.', '/images/products/rose-pink-floyd.jpg', '2024-01-11 12:00:00', 0),
(2, 'Тюльпан "Колумбус" розовый махровый', 14, 'Декоративный махровый тюльпан с насыщенно-розовыми лепестками и белой окантовкой. Раскрытый бутон достигает 10 см.', '/images/products/tulip-columbus.jpg', '2024-01-12 12:00:00', 0),
(2, 'Тюльпан "Тукан" бело-розовый', 14, 'Многоцветковый тюльпан с нежными белыми лепестками и розовыми включениями. Из одной луковицы несколько цветоносов.', '/images/products/tulip-tukan.jpg', '2024-01-13 12:00:00', 0),
(3, 'Хризантема кустовая белая', 20, 'Стойкая кустовая хризантема белоснежного цвета. Отлично держится в букете до 3 недель при правильном уходе.', '/images/products/chrysanthemum-white.jpg', '2024-01-14 12:00:00', 0),
(4, 'Пион розовый "Сара Бернар"', 7, 'Роскошный махровый пион нежно-розового цвета с божественным ароматом. Классика для свадебных букетов.', '/images/products/peony-pink.jpg', '2024-01-15 12:00:00', 0),
(5, 'Лилия восточная белая', 12, 'Изящная белая лилия с нежным ароматом. Крупные цветки станут украшением любого букета.', '/images/products/lily-white.jpg', '2024-01-16 12:00:00', 0),
(6, 'Орхидея Фаленопсис белая', 21, 'Элегантная орхидея на ветке. Невероятная стойкость - до 3 недель свежести. Символ роскоши и утончённости.', '/images/products/orchid-phalaenopsis.jpg', '2024-01-17 12:00:00', 0),
(7, 'Крафт-бумага флористическая', null, 'Натуральная крафт-бумага для упаковки букетов. Размер 60x60 см, плотность 70 г/м².', '/images/products/kraft-paper.jpg', '2024-01-18 12:00:00', 0),
(8, 'Лента атласная розовая 3см', null, 'Атласная лента нежно-розового цвета, ширина 3 см. Идеальна для оформления свадебных букетов. Длина 25 метров.', '/images/products/ribbon-pink.jpg', '2024-01-19 12:00:00', 0),
(9, 'Ваза стеклянная цилиндр 25см', null, 'Элегантная прозрачная ваза цилиндрической формы, высота 25 см. Подходит для букетов средних размеров.', '/images/products/vase-cylinder.jpg', '2024-01-20 12:00:00', 0),
(10, 'Декор "Эвкалипт Популюс" ветка', null, 'Натуральная ветка эвкалипта для декорирования букетов. Придаёт композиции воздушность и свежий аромат.', '/images/products/eucalyptus.jpg', '2024-01-21 12:00:00', 0);


-- ===================================================
-- ЦЕНЫ
-- ===================================================

INSERT INTO prices (product_id, price, created_at, start_date, end_date) VALUES
(1, 350.00, '2024-01-10 12:00:00', '2024-01-10 00:00:00', null),
(2, 320.00, '2024-01-11 12:00:00', '2024-01-11 00:00:00', null),
(3, 280.00, '2024-01-12 12:00:00', '2024-01-12 00:00:00', null),
(4, 290.00, '2024-01-13 12:00:00', '2024-01-13 00:00:00', null),
(5, 180.00, '2024-01-14 12:00:00', '2024-01-14 00:00:00', null),
(6, 450.00, '2024-01-15 12:00:00', '2024-01-15 00:00:00', null),
(7, 380.00, '2024-01-16 12:00:00', '2024-01-16 00:00:00', null),
(8, 890.00, '2024-01-17 12:00:00', '2024-01-17 00:00:00', null),
(9, 85.00, '2024-01-18 12:00:00', '2024-01-18 00:00:00', null),
(10, 120.00, '2024-01-19 12:00:00', '2024-01-19 00:00:00', null),
(11, 650.00, '2024-01-20 12:00:00', '2024-01-20 00:00:00', null),
(12, 95.00, '2024-01-21 12:00:00', '2024-01-21 00:00:00', null);


-- ===================================================
-- ЗАКАЗЫ
-- ===================================================

INSERT INTO orders (user_id, status_id, payment_method_id, created_at, note, is_deleted) VALUES
(2, 2, 1, '2024-12-01 10:30:00', 'Доставка к 18:00, позвонить за час', 0),
(3, 2, 2, '2024-12-02 14:15:00', 'Оставить у двери, домофон не работает', 0),
(4, 2, 1, '2024-12-03 09:45:00', null, 0),
(5, 2, 2, '2024-12-04 16:20:00', 'Подарочная упаковка, открытку приложить', 0),
(6, 2, 1, '2024-12-05 11:10:00', 'Доставка на работу, офис 405', 0),
(7, 2, 2, '2024-12-06 13:50:00', null, 0),
(8, 1, 1, '2024-12-07 15:30:00', 'Букет для свадьбы, нужна консультация флориста', 0),
(9, 2, 2, '2024-12-08 10:05:00', 'Аллергия на лилии, заменить на розы', 0),
(10, 1, 1, '2024-12-09 12:40:00', null, 0),
(11, 2, 2, '2024-12-10 14:25:00', 'Доставка ко Дню Рождения, с 14:00 до 16:00', 0),
(12, 1, 1, '2024-12-11 09:15:00', 'Крупный букет, упаковать в крафт', 0),
(2, 2, 2, '2024-12-12 16:50:00', 'Повторный заказ, всё отлично!', 0);


-- ===================================================
-- ПОЗИЦИИ ЗАКАЗОВ
-- ===================================================

INSERT INTO order_positions (product_id, order_id, quantity, price_id) VALUES
(1, 1, 15, 1),
(2, 2, 25, 2),
(3, 3, 19, 3),
(6, 4, 7, 6),
(1, 5, 11, 1),
(7, 6, 3, 7),
(8, 7, 5, 8),
(4, 8, 31, 4),
(5, 9, 15, 5),
(2, 10, 21, 2),
(1, 11, 51, 1),
(6, 12, 9, 6);


-- ===================================================
-- КОРЗИНА
-- ===================================================

INSERT INTO cart_products (user_id, product_id, quantity) VALUES
(3, 1, 5),
(4, 2, 3),
(5, 9, 1),
(6, 7, 2),
(7, 3, 7),
(8, 11, 1),
(9, 5, 10),
(10, 6, 4),
(11, 10, 2),
(12, 4, 9),
(2, 8, 1),
(3, 12, 3);


-- ===================================================
-- ИЗБРАННОЕ
-- ===================================================

INSERT INTO favorites (user_id, product_id) VALUES
(2, 1),
(2, 6),
(3, 2),
(4, 7),
(5, 1),
(6, 8),
(7, 3),
(8, 5),
(9, 6),
(10, 2),
(11, 1),
(12, 4);
